{
  "totalWaysRaw": 12477,
  "totalWaysFiltered": 1,
  "rejectedWays": 12476,
  "totalLength": 13235.244522872967,
  "highways": {
    "track": 1
  },
  "surfaces": {
    "gravel": 1
  },
  "tracktypes": {
    "grade3": 1
  },
  "smoothness": {},
  "withNames": 0,
  "avgNodesPerWay": "187.0",
  "minLength": 13235.244522872967,
  "maxLength": 13235.244522872967,
  "estimatedDuration": 31.764586854895118
}