{
  "totalLength": 24749.336226505493,
  "totalDuration": 74.36791487259835,
  "count": 4
}