{
  "totalLength": 27338.696365023643,
  "totalDuration": 32.806435638028375,
  "count": 7
}