{
  "totalWaysRaw": 2499,
  "totalWaysFiltered": 1,
  "rejectedWays": 2498,
  "totalLength": 4386.036639404848,
  "highways": {
    "track": 1
  },
  "surfaces": {
    "gravel": 1
  },
  "tracktypes": {
    "grade2": 1
  },
  "smoothness": {},
  "withNames": 0,
  "avgNodesPerWay": "142.0",
  "minLength": 4386.036639404848,
  "maxLength": 4386.036639404848,
  "estimatedDuration": 10.526487934571636
}